group,type,company,url
qr_core,Hedge Fund - Tech,Renaissance,https://www.rentec.com/Careers.action?jobs=true
qr_core,Hedge Fund - Tech,TGS,https://www.tgsmc.com/
qr_core,Prop Trading,XTX Markets,https://www.xtxmarkets.com/careers/
qr_core,Hedge Fund - Multi Strategy,Citadel,https://www.citadel.com/careers/students/
qr_core,Hedge Fund - Multi Strategy,D.E. Shaw,https://www.deshaw.com/careers
qr_core,Hedge Fund - Tech,PDT Partners,https://pdtpartners.com/careers
qr_core,Hedge Fund - Tech,Quadrature Capital,https://quadrature.ai/careers
qr_core,Prop Trading,Citadel Securities,https://www.citadelsecurities.com/careers/students/
qr_core,Prop Trading,HRT,https://www.hudsonrivertrading.com/careers/
qr_core,Prop Trading,Headlands Technologies,https://www.headlandstech.com/careers
qr_core,Prop Trading,Jane Street,https://www.janestreet.com/join-jane-street/
qr_core,Prop Trading,Jump Trading,https://www.jumptrading.com/careers
qr_core,Prop Trading,Radix Trading,https://www.radix-trading.com
qr_core,Hedge Fund - Multi Strategy,Millennium,https://www.mlp.com/careers/students/
qr_core,Hedge Fund - Multi Strategy,Point72,https://www.point72.com/careers/
qr_core,Hedge Fund - Tech,G-Research,https://www.gresearch.com/careers/
qr_core,Hedge Fund - Tech,The Voleon Group,https://voleon.com/careers/
qr_core,Hedge Fund - Tech,Two Sigma,https://www.twosigma.com/careers/
qr_core,Prop Trading,DRW,https://drw.com/work-at-drw
qr_core,Prop Trading,Five Rings Capital,https://www.fiverings.com/careers
qr_core,Prop Trading,IMC Trading,https://www.imc.com/us/careers
qr_core,Prop Trading,Optiver,https://optiver.com/recruitment-events/
qr_core,Prop Trading,SIG,https://sig.com/careers/early-talent/
qr_core,Prop Trading,Tower Research Capital,https://www.tower-research.com/open-positions/
qr_core,Prop Trading,Xantium,https://www.xantium.com/careers
qr_core,Asset Mgmt - Quant,Arrowstreet Capital,https://www.arrowstreetcapital.com/careers/
qr_core,Hedge Fund - Multi Strategy,Marshall Wace,https://www.mwam.com/careers/
qr_core,Hedge Fund - Multi Strategy,Schonfeld,https://www.schonfeld.com/careers/
qr_core,Hedge Fund - Tech,Ansatz Capital,https://www.ansatz.com/
qr_core,Hedge Fund - Tech,Aquatic Capital,https://aquatic.com/careers/
qr_core,Hedge Fund - Tech,Engineers Gate,https://www.eglp.com/careers
qr_core,Hedge Fund - Tech,GSA Capital,https://www.gsacapital.com/careers/
qr_core,Hedge Fund - Tech,Qube Research & Technologies,https://www.qube-rt.com/careers
qr_core,Hedge Fund - Tech,SquarePoint Capital,https://www.squarepoint-capital.com/careers
qr_core,Prop Trading,Old Mission Capital,https://www.oldmissioncapital.com/careers/
qr_core,Prop Trading,Vatic Investments,https://www.vaticlabs.com/careers
qr_core,Prop Trading,Virtu,https://www.virtu.com/careers/
qr_core,Asset Mgmt - Quant,Man Numeric,https://www.man.com/numeric
qr_core,Hedge Fund - Multi Strategy,Balyasny Asset Management,https://www.bam.com/careers/
qr_core,Hedge Fund - Multi Strategy,ExodusPoint Capital,https://www.exoduspoint.com/careers
qr_core,Hedge Fund - Multi Strategy,Verition,https://www.verition.com/careers/
qr_core,Hedge Fund - Tech,AQR,https://www.aqr.com/careers
qr_core,Hedge Fund - Tech,CFM (Capital Fund Management),https://www.cfm.com/careers/
qr_core,Hedge Fund - Tech,Voloridge,https://www.voloridge.com/careers
qr_core,Prop Trading,Akuna Capital,https://akunacapital.com/careers
qr_core,Prop Trading,Chicago Trading Company,https://www.chicagotrading.com/careers/
qr_core,Prop Trading,Flow Traders,https://www.flowtraders.com/careers
qr_core,Prop Trading,Maven Securities,https://www.mavensecurities.com/careers/
qr_core,Prop Trading,Quantlab,https://www.quantlab.com/careers/
qr_core,Hedge Fund - Tech,Teza Technologies,https://www.teza.com/careers/
qr_core,Hedge Fund - Tech,Trexquant Investment LP,https://www.trexquant.com/
qr_core,Prop Trading,Belvedere Trading,https://belvederetrading.com/careers/
qr_core,Prop Trading,DV Trading,https://www.dvtrading.co/careers
qr_core,Prop Trading,Gelber Group,https://www.gelbergroup.com/careers/
qr_core,Prop Trading,Group One Trading,https://www.group1.com/careers/
qr_core,Prop Trading,Peak 6,https://www.peak6.com/careers/
qr_core,Prop Trading,Scientech,
qr_core,Prop Trading,TransMarket Group,https://www.transmarketgroup.com/careers/
qr_core,Prop Trading,Valkyrie Trading,https://www.valkyrietrading.com/careers
qr_core,Prop Trading,Wolverine Trading,https://www.wolve.com/careers
qr_core,Prop Trading,XR Trading,https://www.xrtrading.com/careers/
qr_core,Asset Mgmt - Quant,Acadian Asset Management,https://www.acadian-asset.com
qr_core,Asset Mgmt - Quant,AlphaSimplex,https://www.alphasimplex.com
qr_core,Asset Mgmt - Quant,Dimensional,https://www.dimensional.com
qr_core,Asset Mgmt - Quant,GMO,https://www.gmo.com
qr_core,Asset Mgmt - Quant,PanAgora Asset Management,https://www.panagora.com
qr_core,Asset Mgmt - Quant,Quantitative Management Associates,https://www.pgimquantitativesolutions.com
qr_core,Asset Mgmt - Quant,Robeco Institutional Asset Management US,https://www.robeco.com
qr_core,CTA,Crabel Capital Management,https://crabel.com/
qr_core,CTA,Graham Capital,https://www.grahamcapital.com/
qr_core,CTA,Millburn Ridgefield,https://millburn.com/
qr_core,CTA,Quest Partners,https://questpartners.com/
qr_core,CTA,Stevens Capital Management,https://www.scm-lp.com/
qr_core,CTA,Systematica Investments,https://www.systematica.com/
qr_core,CTA,Winton Group,https://www.winton.com/
qr_core,Global Macro,Alphadyne Asset Management,https://adyne.com/
qr_core,Global Macro,Bluecrest Capital,https://www.bluecrestcapital.com/
qr_core,Global Macro,Brevan Howard,https://www.brevanhoward.com/
qr_core,Global Macro,Bridgewater,https://www.bridgewater.com/
qr_core,Global Macro,Caxton Associates,https://www.caxton.com/
qr_core,Global Macro,Moore Capital,https://www.moorecap.com/
qr_core,Global Macro,Tudor Investments,https://www.tudor.com/
qr_core,Hedge Fund - Multi Strategy,Centiva Capital,http://www.centivacapital.com
qr_core,Hedge Fund - Multi Strategy,Eisler Capital,https://eislercapital.com
qr_core,Hedge Fund - Multi Strategy,HBK,https://www.hbk.com
qr_core,Hedge Fund - Multi Strategy,Magnetar Capital,https://www.magnetar.com
qr_core,Hedge Fund - Multi Strategy,North Rock Capital,https://www.northrockllc.com
qr_core,Hedge Fund - Multi Strategy,Sculptor Capital Management,https://www.sculptor.com
qr_core,Hedge Fund - Tech,Blueshift Asset Management,https://www.blueshift.am
qr_core,Hedge Fund - Tech,Edgestream,https://www.edgestreamlp.com
qr_core,Hedge Fund - Tech,Entropy Technologies,https://www.entropy-technologies.com
qr_core,Hedge Fund - Tech,GAM Systematic,https://www.gam.com/en/our-capabilities/gam-systematic
qr_core,Hedge Fund - Tech,Kepos Capital,https://www.keposcapital.com
qr_core,Hedge Fund - Tech,Laurion Capital,https://www.laurioncap.com
qr_core,Hedge Fund - Tech,Qsemble Capital Management,https://www.qsemble.com
qr_core,Hedge Fund - Tech,Quantbot Technologies,https://www.quantbot.com
qr_core,Hedge Fund - Tech,Quantedge,https://www.quantedge.com
qr_core,Hedge Fund - Tech,R. G. Niederhoffer Capital Management,https://www.niederhoffer.com
qr_core,Hedge Fund - Tech,Walleye Capital,https://www.walleyecapital.com
qr_core,Hedge Fund - Tech,WorldQuant,https://www.worldquant.com
qr_core,Prop Trading,3Red Partners,https://www.3redpartners.com
qr_core,Prop Trading,Athena Capital Research,http://www.athenacr.com
qr_core,Prop Trading,BHFT,https://bhft.com/
qr_core,Prop Trading,Bluefin Capital Management,https://www.bfcm.com
qr_core,Prop Trading,Boerboel Trading,https://www.boerboeltrading.com
qr_core,Prop Trading,Cognitive Capital,https://www.cogcap.com
qr_core,Prop Trading,Consolidated Trading,https://prod.consolidatedtrading.com
qr_core,Prop Trading,Edgehog Trading,https://www.edgehogtrading.com
qr_core,Prop Trading,Elk Capital Markets,https://elkcapitalmarkets.com
qr_core,Prop Trading,Everhaven Securities,https://everhavensecurities.com/
qr_core,Prop Trading,GTS,https://gtsx.com
qr_core,Prop Trading,Geneva Trading,https://www.genevatrading.com
qr_core,Prop Trading,HAP Capital,https://www.hap-capital.com
qr_core,Prop Trading,HC Tech LLC,http://www.hctech.com
qr_core,Prop Trading,Prime Trading,https://www.prime-trading.com
qr_core,Prop Trading,Sunrise Futures,https://www.sunrisefutures.com
qr_core,Prop Trading,TradeLink Holdings LLC,https://tradelinkllc.com
qr_core,Prop Trading,Trillium Trading,https://www.trlm.com
qr_core,Prop Trading,Volant Trading,https://volanttrading.com
qr_core,Prop Trading,WH Trading,http://whtrading.com
non_qr,Asset Management/Mutual Fund,Advisors Asset Management,https://www.aamlive.com
non_qr,Asset Management/Mutual Fund,Alger,https://www.alger.com
non_qr,Asset Management/Mutual Fund,AllianceBernstein,https://www.alliancebernstein.com
non_qr,Asset Management/Mutual Fund,Allspring Global Investments,https://www.allspringglobal.com
non_qr,Asset Management/Mutual Fund,Ameriprise Financial Services,https://www.ameriprise.com
non_qr,Asset Management/Mutual Fund,Amundi Asset Management,https://about.amundi.com
non_qr,Asset Management/Mutual Fund,Ares Management,https://www.aresmgmt.com
non_qr,Asset Management/Mutual Fund,Barings,https://www.barings.com
non_qr,Asset Management/Mutual Fund,BlackRock,https://www.blackrock.com
non_qr,Asset Management/Mutual Fund,Brandywine Global Investment Management,https://www.brandywineglobal.com
non_qr,Asset Management/Mutual Fund,Brown Brothers Harriman,https://www.bbh.com
non_qr,Asset Management/Mutual Fund,Capital Group,https://www.capitalgroup.com
non_qr,Asset Management/Mutual Fund,Causeway Capital Management,https://www.causewaycap.com
non_qr,Asset Management/Mutual Fund,Charles Schwab,https://www.schwab.com
non_qr,Asset Management/Mutual Fund,Cohen & Steers,https://www.cohenandsteers.com
non_qr,Asset Management/Mutual Fund,Columbia Threadneedle Investments,https://www.columbiathreadneedleus.com
non_qr,Asset Management/Mutual Fund,Dodge & Cox,https://www.dodgeandcox.com
non_qr,Asset Management/Mutual Fund,DoubleLine Capital,https://www.doubleline.com
non_qr,Asset Management/Mutual Fund,Dreyfus Theoharidis Value Advisors,https://www.dtvadvisors.com
non_qr,Asset Management/Mutual Fund,Epoch Investment Partners,https://www.eipny.com
non_qr,Asset Management/Mutual Fund,Federated Hermes,https://www.federatedhermes.com
non_qr,Asset Management/Mutual Fund,Fidelity,https://www.fidelity.com
non_qr,Asset Management/Mutual Fund,Franklin Templeton Investments,https://www.franklintempleton.com
non_qr,Asset Management/Mutual Fund,GAM Investments,https://www.gam.com
non_qr,Asset Management/Mutual Fund,GAMCO Investors,https://www.gabelli.com
non_qr,Asset Management/Mutual Fund,GIC,https://www.gic.com.sg
non_qr,Asset Management/Mutual Fund,Invesco,https://www.invesco.com
non_qr,Asset Management/Mutual Fund,Janus Henderson Investors,https://www.janushenderson.com
non_qr,Asset Management/Mutual Fund,Jennison Associates,https://www.jennison.com
non_qr,Asset Management/Mutual Fund,John Hancock Investment Management,https://www.jhinvestments.com
non_qr,Asset Management/Mutual Fund,Kayne Anderson Rudnick,https://www.kayne.com
non_qr,Asset Management/Mutual Fund,Lazard Asset Management,https://www.lazardassetmanagement.com
non_qr,Asset Management/Mutual Fund,Legg Mason,https://www.leggmason.com
non_qr,Asset Management/Mutual Fund,Liberty Mutual Investments,https://business.libertymutualgroup.com
non_qr,Asset Management/Mutual Fund,Lord Abbett,https://www.lordabbett.com
non_qr,Asset Management/Mutual Fund,MFS Investment Management,https://www.mfs.com
non_qr,Asset Management/Mutual Fund,MacKay Shields,https://www.mackayshields.com
non_qr,Asset Management/Mutual Fund,Megapro Corporation,https://www.megapro.com/
non_qr,Asset Management/Mutual Fund,Mirae Asset Global Investments,https://www.am.miraeasset.com
non_qr,Asset Management/Mutual Fund,Moelis Asset Management,https://www.moelis.com/asset-management/
non_qr,Asset Management/Mutual Fund,Neuberger Berman,https://www.nb.com
non_qr,Asset Management/Mutual Fund,Newfleet Asset Management,https://www.newfleet.com
non_qr,Asset Management/Mutual Fund,Northern Trust Asset Management,https://www.northerntrust.com/asset-management
non_qr,Asset Management/Mutual Fund,Nuveen,https://www.nuveen.com
non_qr,Asset Management/Mutual Fund,Osterweis Capital Management,https://www.osterweis.com
non_qr,Asset Management/Mutual Fund,PGIM,https://www.pgim.com
non_qr,Asset Management/Mutual Fund,PIMCO,https://www.pimco.com
non_qr,Asset Management/Mutual Fund,PineBridge Investments,https://www.pinebridge.com
non_qr,Asset Management/Mutual Fund,Principal Investment Management,https://www.principal.com
non_qr,Asset Management/Mutual Fund,Putnam Investments,https://www.putnam.com
non_qr,Asset Management/Mutual Fund,Russell Investments,https://www.russellinvestments.com
non_qr,Asset Management/Mutual Fund,Schroders,https://www.schroders.com
non_qr,Asset Management/Mutual Fund,State Street Global Advisors,https://www.ssga.com
non_qr,Asset Management/Mutual Fund,Sun Life Investment Management,https://www.sunlife.com/us/en/solutions/asset-management/
non_qr,Asset Management/Mutual Fund,T. Rowe Price,https://www.troweprice.com
non_qr,Asset Management/Mutual Fund,TCW Group,https://www.tcw.com
non_qr,Asset Management/Mutual Fund,Vanguard,https://www.vanguard.com
non_qr,Asset Management/Mutual Fund,Wellington Management,https://www.wellington.com
non_qr,Asset Management/Mutual Fund,Western Asset Management,https://www.westernasset.com
non_qr,Asset Management/Mutual Fund,Wilshire Advisors,https://www.wilshire.com
non_qr,Broker Dealer,AVM LP,https://www.avmlp.com/
non_qr,Broker Dealer,Cantor Fitzgerald,https://www.cantor.com/
non_qr,Broker Dealer,Federated Securities Corp.,https://federatedsecurities.com/
non_qr,Commercial Bank,BNY Mellon,https://www.bny.com/corporate/global/en.html
non_qr,Commercial Bank,Capital One,https://www.capitalone.com
non_qr,Commercial Bank,Citizens Bank,https://www.citizensbank.com
non_qr,Commercial Bank,Discover,https://www.discover.com
non_qr,Commercial Bank,Fifth Third Bank,https://www.53.com
non_qr,Commercial Bank,First Republic Bank,https://www.firstrepublic.com
non_qr,Commercial Bank,Heartland Financial,https://www.htlf.com
non_qr,Commercial Bank,KeyBank,https://www.key.com
non_qr,Commercial Bank,Lloyds Bank,https://www.lloydsbank.com
non_qr,Commercial Bank,NatWest,https://www.natwest.com
non_qr,Commercial Bank,National Bank Holdings,https://www.nationalbankholdings.com
non_qr,Commercial Bank,PNC Financial Service,https://www.pnc.com
non_qr,Commercial Bank,Standard Chartered Bank,https://www.sc.com/en/
non_qr,Commercial Bank,Truist,https://www.truist.com
non_qr,Commercial Bank,U.S. Bank,https://www.usbank.com
non_qr,Commercial Bank,UniCredit,https://www.unicreditgroup.eu/en.html
non_qr,Commercial Bank,Zions Bank,https://www.zionsbank.com
non_qr,Consulting/Econ Consulting,Accenture,https://www.accenture.com
non_qr,Consulting/Econ Consulting,Alvarez & Marsal,https://www.alvarezandmarsal.com
non_qr,Consulting/Econ Consulting,Analysis Group,https://www.analysisgroup.com
non_qr,Consulting/Econ Consulting,Bain & Company,https://www.bain.com
non_qr,Consulting/Econ Consulting,Boston Consulting Group (BCG),https://www.bcg.com
non_qr,Consulting/Econ Consulting,Capco,https://www.capco.com
non_qr,Consulting/Econ Consulting,Charles River Associates,https://www.crai.com
non_qr,Consulting/Econ Consulting,Cornerstone Research,https://www.cornerstone.com
non_qr,Consulting/Econ Consulting,DIA Associates,https://www.diaassociates.com
non_qr,Consulting/Econ Consulting,Deloitte,https://www.deloitte.com
non_qr,Consulting/Econ Consulting,Edgeworth Economics,https://www.edgewortheconomics.com
non_qr,Consulting/Econ Consulting,Ernst & Young,https://www.ey.com
non_qr,Consulting/Econ Consulting,Fitch Ratings,https://www.fitchratings.com
non_qr,Consulting/Econ Consulting,KPMG,https://kpmg.com
non_qr,Consulting/Econ Consulting,Kearney,https://www.kearney.com
non_qr,Consulting/Econ Consulting,McKinsey,https://www.mckinsey.com
non_qr,Consulting/Econ Consulting,NERA Economic Consulting,https://www.nera.com
non_qr,Consulting/Econ Consulting,Roland Berger,https://www.rolandberger.com
non_qr,Crypto,Amber Group,https://www.ambergroup.io
non_qr,Crypto,Apifiny,https://www.apifiny.com
non_qr,Crypto,B2C2,https://www.b2c2.com
non_qr,Crypto,Bitwise Asset Management,https://bitwiseinvestments.com
non_qr,Crypto,Circle,https://www.circle.com
non_qr,Crypto,Coinbase,https://www.coinbase.com
non_qr,Crypto,GSR,https://www.gsr.io
non_qr,Crypto,Galaxy Digital,https://www.galaxy.com
non_qr,Crypto,Genesis Trading,https://genesistrading.com
non_qr,Crypto,Grayscale Investments,https://www.grayscale.com
non_qr,Crypto,Kraken,https://www.kraken.com
non_qr,Crypto,Linden Shore,https://www.lindenshore.com
non_qr,Crypto,OpenSea,https://opensea.io
non_qr,Crypto,Paradigm,https://www.paradigm.xyz
non_qr,Crypto,Ripple,https://ripple.com
non_qr,Crypto,Uniswap,https://uniswap.org
non_qr,Crypto,Wintermute,https://www.wintermute.com
non_qr,Crypto,dYdX,https://dydx.exchange
non_qr,Fintech,Affirm,https://www.affirm.com
non_qr,Fintech,Apex Fintech Solutions,https://apexfintechsolutions.com
non_qr,Fintech,Arcesium,https://www.arcesium.com
non_qr,Fintech,Avaloq Group,https://www.avaloq.com
non_qr,Fintech,Axioma,https://axioma-corp.com
non_qr,Fintech,Betterment,https://www.betterment.com
non_qr,Fintech,BlockFi,https://restructuring.ra.kroll.com/blockfi/
non_qr,Fintech,Bloomberg L.P.,https://www.bloomberg.com/company/
non_qr,Fintech,Blue Chip Financial Services,https://bluechipfinancial.com
non_qr,Fintech,Brex,https://www.brex.com
non_qr,Fintech,Chime,https://www.chime.com
non_qr,Fintech,Coinbase,https://www.coinbase.com
non_qr,Fintech,Credit Karma,https://www.creditkarma.com
non_qr,Fintech,Cross River Bank,https://www.crossriver.com
non_qr,Fintech,FIS,https://www.fisglobal.com
non_qr,Fintech,Intuit,https://www.intuit.com
non_qr,Fintech,Klarna,https://www.klarna.com
non_qr,Fintech,M Science,https://www.mscience.com
non_qr,Fintech,MerQube,https://www.merqube.com
non_qr,Fintech,PayPal,https://www.paypal.com
non_qr,Fintech,Plaid,https://plaid.com
non_qr,Fintech,Revolut,https://www.revolut.com
non_qr,Fintech,Robinhood,https://robinhood.com
non_qr,Fintech,SoFi,https://www.sofi.com
non_qr,Fintech,Square,https://squareup.com
non_qr,Fintech,Stripe,https://stripe.com
non_qr,Fintech,TIFIN,https://www.tifin.com
non_qr,Fintech,Wealthfront,https://www.wealthfront.com
non_qr,Fintech,Webull Financial,https://www.webull.com
non_qr,Fintech,Wise,https://wise.com
non_qr,Fintech,eToro,https://www.etoro.com
non_qr,Fintech,iCapital,https://www.icapitalnetwork.com
non_qr,Fundamental Long Short Equity,Coatue,https://www.coatue.com
non_qr,Fundamental Long Short Equity,D1 Capital,https://www.d1capital.com
non_qr,Fundamental Long Short Equity,Eminence Capital,https://www.eminencecapital.com
non_qr,Fundamental Long Short Equity,Farallon Capital Management,https://www.faralloncapital.com
non_qr,Fundamental Long Short Equity,Freestone Grove Partners,https://fgrovep.com
non_qr,Fundamental Long Short Equity,Junto Capital,https://www.juntocap.com
non_qr,Fundamental Long Short Equity,Light Street,https://lightstreet.com
non_qr,Fundamental Long Short Equity,Lone Pine,https://www.lonepinecapital.com
non_qr,Fundamental Long Short Equity,Maverick Capital,https://www.maverickcap.com
non_qr,Fundamental Long Short Equity,Perceptive,https://www.perceptivelife.com
non_qr,Fundamental Long Short Equity,Tiger Global,https://www.tigerglobal.com
non_qr,Fundamental Long Short Equity,Viking Global Investors,https://vikingglobal.com
non_qr,Fundamental Long Short Equity,Whale Rock,https://www.whalerockcapital.com
non_qr,Insurance/Reinsurance,AIA Group,https://www.aia.com/en
non_qr,Insurance/Reinsurance,AIG,https://www.aig.com/home
non_qr,Insurance/Reinsurance,AXA,https://www.axa.com/
non_qr,Insurance/Reinsurance,Aflac Global Investments,https://www.aflac.com
non_qr,Insurance/Reinsurance,Allianz Life Insurance Company,https://www.allianzlife.com/
non_qr,Insurance/Reinsurance,American Credit Acceptance,https://americancreditacceptance.com/
non_qr,Insurance/Reinsurance,American Family Insurance,https://www.amfam.com/
non_qr,Insurance/Reinsurance,American Financial Group,https://www.afginc.com/
non_qr,Insurance/Reinsurance,Chubb Insurance,https://www.chubb.com/us-en/
non_qr,Insurance/Reinsurance,Constellation Insurance,https://constellationinsurance.com/
non_qr,Insurance/Reinsurance,Everest Re Group,https://www.everestglobal.com/
non_qr,Insurance/Reinsurance,Fortitude Re,https://fortitude-re.com/
non_qr,Insurance/Reinsurance,GCG Financial,https://www.gcgwm.com/
non_qr,Insurance/Reinsurance,Global Atlantic Financial Group,https://www.globalatlantic.com/
non_qr,Insurance/Reinsurance,Guardian Life Insurance,https://www.guardianlife.com/
non_qr,Insurance/Reinsurance,Hannover Re,https://www.hannover-re.com/
non_qr,Insurance/Reinsurance,Liberty Mutual,https://www.libertymutual.com/
non_qr,Insurance/Reinsurance,Lloyd's of London,https://www.lloyds.com/
non_qr,Insurance/Reinsurance,MetLife,https://www.metlife.com/
non_qr,Insurance/Reinsurance,Munich Re,https://www.munichre.com/
non_qr,Insurance/Reinsurance,New York Life Insurance Company,https://www.newyorklife.com/
non_qr,Insurance/Reinsurance,Northwestern Mutual,https://www.northwesternmutual.com/
non_qr,Insurance/Reinsurance,Prudential Financial,https://www.prudential.com/
non_qr,Insurance/Reinsurance,RGA,https://www.rgare.com/
non_qr,Insurance/Reinsurance,SCOR SE,https://www.scor.com/
non_qr,Insurance/Reinsurance,Swiss Re,https://www.swissre.com/
non_qr,Insurance/Reinsurance,TIAA,https://www.tiaa.org/
non_qr,Insurance/Reinsurance,Travelers Companies,https://www.travelers.com/
non_qr,Insurance/Reinsurance,Zurich Insurance Company,https://www.zurich.com/
non_qr,Investment Banking (IB),ABN AMRO Securities (USA),https://www.abnamro.com/en/home
non_qr,Investment Banking (IB),BMO Capital Markets,https://capitalmarkets.bmo.com/en/
non_qr,Investment Banking (IB),BNP Paribas,https://group.bnpparibas/en/
non_qr,Investment Banking (IB),Bank of America,https://www.bankofamerica.com/
non_qr,Investment Banking (IB),Barclays,https://home.barclays/
non_qr,Investment Banking (IB),Cantor Fitzgerald,https://www.cantor.com/
non_qr,Investment Banking (IB),Citi,https://www.citi.com/
non_qr,Investment Banking (IB),Cowen,https://cowengroup.com/
non_qr,Investment Banking (IB),Credit Suisse,https://www.credit-suisse.com/us/en.html
non_qr,Investment Banking (IB),Credit Agricole Group,https://www.credit-agricole.com/en
non_qr,Investment Banking (IB),Daiwa Capital Markets America,https://us.daiwacm.com/
non_qr,Investment Banking (IB),Deutsche Bank,https://www.db.com/index
non_qr,Investment Banking (IB),Goldman Sachs,https://www.goldmansachs.com/
non_qr,Investment Banking (IB),JMP Securities,https://www.jmpsecurities.com/
non_qr,Investment Banking (IB),JP Morgan Chase,https://www.jpmorganchase.com/
non_qr,Investment Banking (IB),Jefferies,https://www.jefferies.com/
non_qr,Investment Banking (IB),Keefe Bruyette & Woods,https://www.kbw.com/
non_qr,Investment Banking (IB),Ladenburg Thalmann,https://www.ladenburg.com/
non_qr,Investment Banking (IB),Macquarie Capital (USA),https://www.macquarie.com/us/en.html
non_qr,Investment Banking (IB),Maxim Group,https://www.maximgrp.com/
non_qr,Investment Banking (IB),Mitsubishi UFJ Financial Group,https://www.mufgamericas.com/
non_qr,Investment Banking (IB),Mizuho,https://www.mizuhogroup.com/americas
non_qr,Investment Banking (IB),Morgan Stanley,https://www.morganstanley.com/
non_qr,Investment Banking (IB),Natixis,https://www.natixis.com
non_qr,Investment Banking (IB),Needham & Company,https://www.needhamco.com/
non_qr,Investment Banking (IB),Nomura,https://www.nomura.com/
non_qr,Investment Banking (IB),Oppenheimer & Co.,https://www.oppenheimer.com/
non_qr,Investment Banking (IB),RBC,https://www.rbc.com/
non_qr,Investment Banking (IB),RBS,https://www.rbs.com/
non_qr,Investment Banking (IB),SMBC Capital Markets,https://www.smbcgroup.com/
non_qr,Investment Banking (IB),TD Bank,https://www.td.com
non_qr,Investment Banking (IB),UBS,https://www.ubs.com/
non_qr,Investment Banking (IB),Wells Fargo,https://www.wellsfargo.com/
non_qr,Other,24 Exchange,https://24exchange.com/
non_qr,Other,360T,https://www.360t.com/
non_qr,Other,Agam Capital,https://www.agamcapital.com/
non_qr,Other,Applied Academics,https://www.appliedacademics.com/
non_qr,Other,CME Group,https://www.cmegroup.com/
non_qr,Other,Capital Group (Portfolio Analytics),https://www.capitalgroup.com/
non_qr,Other,DC Energy,https://www.dc-energy.com/
non_qr,Other,DTCC,https://www.dtcc.com/
non_qr,Other,Dow Jones,https://www.dowjones.com/
non_qr,Other,FICO,https://www.fico.com/en
non_qr,Other,FactSet,https://www.factset.com/
non_qr,Other,Fannie Mae,https://www.fanniemae.com/
non_qr,Other,Freddie Mac,https://www.freddiemac.com/
non_qr,Other,IHS Markit,https://www.spglobal.com/
non_qr,Other,Instinet,https://www.instinet.com/
non_qr,Other,Interactive Brokers,https://www.interactivebrokers.com/
non_qr,Other,Intercontinental Exchange (ICE),https://www.theice.com/
non_qr,Other,KBRA,https://www.kbra.com/
non_qr,Other,Liquidnet,https://www.liquidnet.com/
non_qr,Other,Mellon Investments,https://www.mellon.com/
non_qr,Other,Murex,https://www.murex.com/
non_qr,Other,OCC,https://www.theocc.com/
non_qr,Other,StoneX,https://www.stonex.com/
non_qr,Other,Strategic Investment Management,https://www.strategicgroup.com/
non_qr,Other,TradeWeb,https://www.tradeweb.com/
non_qr,Other,Trivariate Research,https://www.trivariate.com/
non_qr,Other,Voya Investment Management,https://www.voyainvestments.com/
non_qr,Other,Wolfe Research,https://www.wolferesearch.com/
non_qr,Other HF,Aristeia Capital,https://www.aristeiacapital.com/
non_qr,Other HF,Axion Group,https://axiongroup.com/
non_qr,Other HF,Axonic Capital,https://www.axoniccap.com/
non_qr,Other HF,Balbec Capital,https://balbec.com/
non_qr,Other HF,Bayview Asset Management,https://bayview.com/
non_qr,Other HF,Capula Investment Management,https://www.capulaglobal.com/
non_qr,Other HF,DC Investment Management,https://www.dcinvestmentpartners.com/
non_qr,Other HF,Davidson Kempner Capital Management,https://www.davidsonkempner.com/
non_qr,Other HF,Ellington Management Group,https://www.ellington.com/
non_qr,Other HF,MIO Partners,https://www.miopartners.com/
non_qr,Other HF,MKP Capital Management,https://www.mkpcap.com/
non_qr,Other HF,Marathon Asset Management,https://www.marathonfund.com/
non_qr,Other HF,Mariner Investment Group,https://www.marinerinvestment.com/
non_qr,Other HF,Matrix Capital Management,https://www.linkedin.com/company/matrix-capital-management-lp
non_qr,Other HF,Napier Park Global Capital,https://www.napierparkglobal.com/
non_qr,Other HF,New Holland Capital,https://newhollandcapital.com
non_qr,Other HF,Oak Hill Advisors,https://www.oakhilladvisors.com
non_qr,Other HF,One River Asset Management,https://www.oneriveram.com
non_qr,Other HF,One William Street Capital Management,https://onewilliamstreet.com
non_qr,Other HF,Pan Capital Management,https://pancapmgmt.com
non_qr,Other HF,Quantix Commodities,https://quantixcommodities.com
non_qr,Other HF,Saba Capital Management,https://www.sabacapital.com
non_qr,Other HF,Tilden Park Capital Management,https://tildenparkcapital.com
non_qr,Rating Agency,Acorns,https://www.acorns.com
non_qr,Rating Agency,Kroll Bond Rating Agency,https://www.kbra.com
non_qr,Rating Agency,Moody's,https://www.moodys.com
non_qr,Rating Agency,Standard & Poor's,https://www.spglobal.com/ratings/en/
non_qr,Wealth Management/Financial Advisors,D.A. Davidson & Co.,https://www.dadavidson.com
non_qr,Wealth Management/Financial Advisors,Edward D. Jones & Co.,https://www.edwardjones.com
non_qr,Wealth Management/Financial Advisors,Envestnet,https://www.envestnet.com
non_qr,Wealth Management/Financial Advisors,Fiduciary Trust Company International,https://www.fiduciarytrust.com
non_qr,Wealth Management/Financial Advisors,HighTower Securities,https://hightoweradvisors.com
